0;What Lovers Do;Red Pill Blues;Maroon 5 feat. SZA;Pop, Alternative/Indie;2017;5;none
1;Hard Rock Hallelujah;The Arockalypse;Lordi;Heavy Metal;2006;5;none
2;Back in Black;Back in Black;AC/DC;Hard Rock;1980;4;none
3;Mr. Brightside;Hot Fuss;The Killers;Rock;2004;5;none
4;Before I Forget;Vol. 3;Slipknot;Heavy Metal;2004;4;none
5;Duality;Vol. 3;Slipknot;Heavy Metal;2004;5;none
6;Psychosocial;All Hope Is Gone;Slipknot;Heavy Metal;2008;5;none
7;Custer;The Grey Chapter;Slipknot;Heavy Metal;2014;5;none
8;Scissors;SR Audio Demo;Slipknot;Heavy Metal;1997;3;none
9;Murder City;21st Century Breakdown;Green Day;Rock;2009;5;none
10;Boulevard of Broken Dreams;American Idiot;Green Day;Hard Rock;2004;5;none
11;crushcrushcrush;Riot!;Paramore;Rock, Pop;2007;4;none
12;Everlong;The Colour And The Shape;Foo Fighters;Hard Rock;1997;5;none
13;Teenage Dirtbag;Wheatus;Wheatus;Alternative/Indie;2000;5;wheatus__teenage_dirtbag.mp3
14;Merry Christmas Everyone;Merry Christmas Everyone;Shakin' Stevens;Pop, Rock;1985;5;none
15;With Or Without You;The Joshua Tree;U2;Rock;1987;5;none
16;Last Christmas;Music from the Edge of Heaven;Wham!;Weihnachtsmusik;1986;5;none
17;Wake Me Up Before You Go-Go;Make It Big;Wham!;Adult Contemporary;1984;5;none
18;Now And Then;The Last Beatles song;Beatles;Rock;2023;5;none
19;Black;Pearl Jam;Ten;Grunge, Alternative Rock;1991;5;none
20;Stairway to Heaven;Led Zeppelin IV;Led Zeppelin;Rock;1971;5;none
21;Enter Sandman;Metallica;Metallica;Heavy Metal;1991;5;none
22;Bohemian Rhapsody;A Night at the Opera;Queen;Rock;1975;5;none
23;Sweet Child o' Mine;Appetite for Destruction;Guns N' Roses;Hard Rock;1987;5;none
24;The Man Who Sold The World;The Man Who Sold The World;David Bowie;Rock;1970;4;none
25;Black Hole Sun;Superunknown;Soundgarden;Grunge, Alternative Rock;1994;5;none
26;In the End;Hybrid Theory;Linkin Park;Nu Metal;2001;4;none
27;Wish You Were Here;Wish You Were Here;Pink Floyd;Rock;1975;5;none
28;Livin' on a Prayer;Slippery When Wet;Bon Jovi;Hard Rock;1986;5;none
29;The Trooper;Piece of Mind;Iron Maiden;Heavy Metal;1983;5;none
30;Smells Like Teen Spirit;Nevermind;Nirvana;Grunge, Alternative Rock;1991;5;none
31;I Want to Break Free;The Works;Queen;Rock;1984;4;none
32;Hotel California;Hotel California;Eagles;Rock;1976;5;none
33;Sweet Home Alabama;Second Helping;Lynyrd Skynyrd;Southern Rock;1974;4;none
34;November Rain;Use Your Illusion I;Guns N' Roses;Hard Rock;1991;5;none
35;Boys Don't Cry;Three Imaginary Boys;The Cure;Gothic Rock;1979;4;none
36;Don't Stop Believin';Escape;Journey;Rock;1981;5;none
37;Nothing Else Matters;Metallica;Metallica;Heavy Metal;1991;5;none
38;Radioactive;Night Visions;Imagine Dragons;Alternative Rock;2012;4;none
39;Hells Bells;Back in Black;AC/DC;Hard Rock;1980;4;none
40;I Will Always Love You;The Bodyguard Soundtrack;Whitney Houston;Pop, R&B;1992;5;none
41;Sweet Emotion;Toys in the Attic;Aerosmith;Hard Rock;1975;4;none
42;Hysteria;Hysteria;Def Leppard;Hard Rock;1987;5;none
43;Blackbird;The Beatles (White Album);The Beatles;Rock;1968;5;none
44;Paint It Black;Aftermath;The Rolling Stones;Rock;1966;5;none
45;Under Pressure;Hot Space;Queen, David Bowie;Rock;1981;5;none
46;Every Breath You Take;Synchronicity;The Police;New Wave, Rock;1983;4;none
47;Firestarter;The Fat of the Land;The Prodigy;Electronica, Big Beat;1997;4;none
48;Jump;1984;Van Halen;Hard Rock;1984;5;none
49;I Was Made for Lovin' You;Dynasty;KISS;Hard Rock, Disco;1979;4;none
50;Rebel Yell;Rebel Yell;Billy Idol;Rock;1983;5;none
51;Creep;Pablo Honey;Radiohead;Alternative Rock;1992;5;none
52;Baba O'Riley;Who's Next;The Who;Rock;1971;5;none
53;Carry on Wayward Son;Leftoverture;Kansas;Progressive Rock;1976;5;none
54;Sympathy for the Devil;Beggars Banquet;The Rolling Stones;Rock;1968;5;none
55;Black Velvet;Alannah Myles;Alannah Myles;Rock;1989;4;none
56;Run to the Hills;The Number of the Beast;Iron Maiden;Heavy Metal;1982;5;none
57;Owner of a Lonely Heart;90125;Yes;Progressive Rock;1983;4;none
58;Killer Queen;Sheer Heart Attack;Queen;Rock;1974;5;none
59;Dream On;Aerosmith;Aerosmith;Hard Rock;1973;5;none
60;Paranoid;Paranoid;Black Sabbath;Heavy Metal;1970;5;none
61;Boogie Wonderland;I Am;Earth, Wind & Fire;Disco, Funk;1979;4;none
62;A Day in the Life;Sgt. Pepper's Lonely Hearts Club Band;The Beatles;Rock;1967;5;none
63;Supermassive Black Hole;Black Holes and Revelations;Muse;Alternative Rock;2006;4;none
64;Man in the Mirror;Bad;Michael Jackson;Pop, R&B;1988;5;none
65;Born to Run;Born to Run;Bruce Springsteen;Rock;1975;5;none
66;Africa;Toto IV;Toto;Rock;1982;5;none
67;Bad Romance;The Fame Monster;Lady Gaga;Pop;2009;5;none
68;Smoke on the Water;Machine Head;Deep Purple;Hard Rock;1972;5;none
69;More Than a Feeling;Boston;Boston;Rock;1976;5;none
70;Time;The Dark Side of the Moon;Pink Floyd;Progressive Rock;1973;5;none
71;Crazy Little Thing Called Love;The Game;Queen;Rock;1980;5;none
72;Jumpin' Jack Flash;Single;The Rolling Stones;Rock;1968;5;none
73;Livin' La Vida Loca;Ricky Martin;Ricky Martin;Pop;1999;4;none
74;Come Together;Abbey Road;The Beatles;Rock;1969;5;none
75;Black Magic Woman;Fleetwood Mac;Fleetwood Mac;Blues Rock;1968;4;none
76;Bennie and the Jets;Goodbye Yellow Brick Road;Elton John;Pop, Rock;1973;5;none
77;Sharp Dressed Man;Eliminator;ZZ Top;Hard Rock;1983;5;none
78;Brown Eyed Girl;Blowin' Your Mind!;Van Morrison;Rock;1967;5;none
79;Wanted Dead or Alive;Slippery When Wet;Bon Jovi;Hard Rock;1986;5;none
80;Riders on the Storm;L.A. Woman;The Doors;Rock;1971;5;none
81;Sweet Caroline;Single;Neil Diamond;Pop, Rock;1969;4;none
82;Sweet Dreams (Are Made of This);Sweet Dreams (Are Made of This);Eurythmics;New Wave, Synth-pop;1983;5;none
83;Barracuda;Little Queen;Heart;Rock;1977;5;none
84;Money;The Dark Side of the Moon;Pink Floyd;Progressive Rock;1973;5;none
85;All Along the Watchtower;Electric Ladyland;Jimi Hendrix;Rock;1968;5;none
86;All Star;Astro Lounge;Smash Mouth;Rock;1999;4;none
87;Jessie's Girl;Working Class Dog;Rick Springfield;Rock;1981;5;none
88;Don't Fear the Reaper;Agents of Fortune;Blue Öyster Cult;Rock;1976;5;none
89;Sweet Dreams;Ghost of a Rose;Blackmore's Night;Folk Rock;2003;4;none
90;Bring Me to Life;Fallen;Evanescence;Alternative Rock;2003;4;none
91;Blue Suede Shoes;Single;Elvis Presley;Rock and Roll;1956;5;none
92;Heart-Shaped Box;In Utero;Nirvana;Grunge, Alternative Rock;1993;5;none
93;Summer of '69;Reckless;Bryan Adams;Rock;1984;5;none
94;Crazy;A Night at the Opera;Queen;Rock;1975;5;none
95;Boulevard of Broken Dreams;American Idiot;Green Day;Alternative Rock;2004;4;none
96;Yellow Submarine;Revolver;The Beatles;Rock;1966;5;none
97;The Final Countdown;The Final Countdown;Europe;Rock;1986;5;none
98;Sweet Child o' Mine;Appetite for Destruction;Guns N' Roses;Hard Rock;1987;5;none
99;I Want It That Way;Millennium;Backstreet Boys;Pop;1999;4;none
100;You Shook Me All Night Long;Back in Black;AC/DC;Hard Rock;1980;5;none
101;Sweet Home Alabama;Second Helping;Lynyrd Skynyrd;Southern Rock;1974;5;none
102;Livin' on a Prayer;Slippery When Wet;Bon Jovi;Hard Rock;1986;5;none
103;Paint It Black;Aftermath;The Rolling Stones;Rock;1966;5;none
104;Bohemian Rhapsody;A Night at the Opera;Queen;Rock;1975;5;none
105;With Or Without You;The Joshua Tree;U2;Rock;1987;5;none
106;Smells Like Teen Spirit;Nevermind;Nirvana;Grunge, Alternative Rock;1991;5;none
107;Highway to Hell;Highway to Hell;AC/DC;Hard Rock;1979;5;none
108;Don't Stop Believin';Escape;Journey;Rock;1981;5;none
109;Dream On;Aerosmith;Aerosmith;Hard Rock;1973;5;none
110;Stairway to Heaven;Led Zeppelin IV;Led Zeppelin;Rock;1971;5;none
111;Wish You Were Here;Wish You Were Here;Pink Floyd;Rock;1975;5;none
112;Another One Bites the Dust;The Game;Queen;Rock;1980;5;none
113;Thunderstruck;The Razors Edge;AC/DC;Hard Rock;1990;5;none
114;Hysteria;Hysteria;Def Leppard;Hard Rock;1987;5;none
115;Rebel Yell;Rebel Yell;Billy Idol;Rock;1983;5;none
116;Radioactive;Night Visions;Imagine Dragons;Alternative Rock;2012;5;none
117;Every Breath You Take;Synchronicity;The Police;New Wave, Rock;1983;5;none
118;Jump;1984;Van Halen;Hard Rock;1984;5;none
119;Creep;Pablo Honey;Radiohead;Alternative Rock;1992;5;none
120;Supermassive Black Hole;Black Holes and Revelations;Muse;Alternative Rock;2006;5;none
121;Bad Romance;The Fame Monster;Lady Gaga;Pop;2009;4;none
122;Blackbird;The Beatles (White Album);The Beatles;Rock;1968;5;none
123;Owner of a Lonely Heart;90125;Yes;Progressive Rock;1983;5;none
124;Boys Don't Cry;Three Imaginary Boys;The Cure;Gothic Rock;1979;4;none
125;Run to the Hills;The Number of the Beast;Iron Maiden;Heavy Metal;1982;5;none
126;More Than a Feeling;Boston;Boston;Rock;1976;5;none
127;Baba O'Riley;Who's Next;The Who;Rock;1971;5;none
128;Eye of the Tiger;Eye of the Tiger;Survivor;Rock;1982;4;none
129;Come Together;Abbey Road;The Beatles;Rock;1969;5;none
130;Sharp Dressed Man;Eliminator;ZZ Top;Hard Rock;1983;5;none
131;Sweet Dreams (Are Made of This);Sweet Dreams (Are Made of This);Eurythmics;New Wave, Synth-pop;1983;5;none
132;Money;The Dark Side of the Moon;Pink Floyd;Progressive Rock;1973;5;none
133;Livin' La Vida Loca;Ricky Martin;Ricky Martin;Pop;1999;4;none
134;Jumpin' Jack Flash;Single;The Rolling Stones;Rock;1968;5;none
135;Smoke on the Water;Machine Head;Deep Purple;Hard Rock;1972;5;none
136;Sweet Caroline;Single;Neil Diamond;Pop, Rock;1969;4;none
137;Crazy Little Thing Called Love;The Game;Queen;Rock;1980;5;none
138;Bring Me to Life;Fallen;Evanescence;Alternative Rock;2003;4;none
139;Don't Fear the Reaper;Agents of Fortune;Blue Öyster Cult;Rock;1976;5;none
140;Bennie and the Jets;Goodbye Yellow Brick Road;Elton John;Pop, Rock;1973;5;none
141;Wanted Dead or Alive;Slippery When Wet;Bon Jovi;Hard Rock;1986;5;none
142;All Along the Watchtower;Electric Ladyland;Jimi Hendrix;Rock;1968;5;none
143;Summer of '69;Reckless;Bryan Adams;Rock;1984;5;none
144;Sweet Child o' Mine;Appetite for Destruction;Guns N' Roses;Hard Rock;1987;5;none
145;I Want It That Way;Millennium;Backstreet Boys;Pop;1999;4;none
146;Song 2;Blur;Blur;Rock, Alternative/Indie;1997;5;none
